Player,ID
1116,2896
113,3845
1Blue,4977
1xn,5177
2Axes,3010
2Trick,4990
369,1922
4ever,5201
5Kid,2660
665,4516
6ax,3707
9eetoo,5013
ACD,2119
ADD,679
AHaHaCiK,1482
AKLASS,5062
AKi,3298
AOS,3034
APA,3808
ASTRO1,5027
Abagnale,4315
Abbedagge,1639
Ablazeolive,1288
Able,1266
Abner,4821
Absolute,2233
Acce,1031
Acee,397
Ackerman,3640
Adam,3489
Addusto,5053
Adept,2362
Adiogs,5317
Adison,4320
Adiss,2453
Advienne,3079
Aegis,3115
Aetinoth,4434
Afm,1750
Afroboi,4332
Agresivoo,1468
Ahn,4403
Aiming,1328
Aincardz,5319
Air,3294
Airren,4880
Aisu,5233
Aithusa,2966
Ajwad,5071
Akaadian,811
Akabane,3852
Akano,3943
Akashii,4506
Akia,5205
Akirei,5184
Akre,4928
Aladoric,1996
Alan,4388
Alby,3369
Ale,1968
Alex,988
Alexx,3465
Aliplane,5007
Alles,5320
Aloned,1648
Alonshot,5255
Alvaro,4634
Anathar,4896
Ancrath,4577
Andariel,3705
Andil,4938
Angel,1708
AnnieBot,5012
Antwere,5002
Anyyy,1624
Apii,2531
Arashi,4104
Arhys,4573
Aria,452
Ariana,3469
Aristo,3828
Armao,1069
Armut,1308
Array,4184
Arrow,110
Artemis,2078
Artenes,4733
Artifact,1448
Artoria,4907
Arven,4952
Aspect,3812
Asper,1724
Assum,4767
Asza,2892
Atlen,1972
Attila,1086
Avenger,2968
Avra,4389
Axelent,3285
Aytekn,4437
Ayu,4976
Azhi,2863
Azitor,5307
Azitorr,2253
B Butcher,5066
BAO,2649
BOSS,893
Babip,1388
Baca,1749
Backlund,1314
Badlulu,3998
Badlyyga,4322
Bakako,2699
Bako,2833
Baldan,4588
Baloo,3500
Balyy,4654
Bambii,5182
Bananitoo,1837
Banderas,4637
Baolan,727
Baul,5235
Baula,1522
Baut,3428
Bay,3296
Bdd,650
Bean,2135
BeanJ,3551
Beansu,557
Becomin,5257
Beenie,3123
Beichuan,3767
Bejjaniii,4960
Belit,4999
Benaset,3984
Benda,3684
Benvi,4856
Benzz,5301
Berserker,3322
BeryL,2184
Beta32,5165
Betao,3699
Betty,931
Bewis,3851
Bible,3897
Bibou,4903
Bie,1461
Bin,2606
Bini,3238
BioPanther,1622
Biofrost,706
Biubiu,2240
Bjergsen,138
Blaber,1634
Black,2353
Blacky,3124
Blaze,2560
Blazes,1443
Blazze,4613
Blink,4652
BlueBeast,5155
Bo,3562
Boal,2379
Bobsik,5236
Boby,4351
Boda,5010
Bolulu,2013
Bolyy1,4649
Bong,4739
Bonnie,3319
Boras,3927
Boukada,3492
Bounty,3215
Brad,5222
Bradley,4179
Brance,3774
Breathe,2348
Breezy,2705
BrokenSword,3962
Brokenblade,1310
Brolia,2017
Brosak,1203
Bruce,2081
Bruness,1942
Buggax,1032
Bugi,1710
Bull,3438
Bulldawg,4466
Bulldog,3974
Bung,3408
Bunny,4304
Burdol,4119
Busio,4500
Buzgej,5045
Bvoy,2085
Bwezc,5295
CAD,3083
CBL,1445
CL0UD,5089
CPM,2969
CR0WN,4998
Cabochard,259
Caliste,4900
Calix,5058
Callme,4923
Calmsky,2148
Calumnia,4211
Camanagazo,4440
Campello,3938
Canna,2671
Canyon,1909
Caps,802
Care,4580
Career,5204
Carfe,4924
Cariok,1623
Carlsen,4316
Carnage,3867
Carry,4421
Carzzy,1584
Cassin,3556
Casting,4925
Castle,3328
Catra,4933
Caucha,5034
Cavalo,3546
Cayetano,4954
Cboi,1149
Celo,4481
Centulion,4819
Ceo,3638
Ceos,999
Cerecof,3994
Ch1Chi,4968
Cha,5136
Chad,4178
Charca,3622
Chasy,2668
Chayon,4115
Chazz,1991
Chelouche,5208
Chemera,3872
Cheoni,3427
Chieftain,1548
Chime,3063
Chippys,964
Chirp,5202
Choi,5321
Chova,4346
Chovy,1629
Chrisberg,1571
Cinkrof,949
Cipher,5016
Cl0x,2250
Clear,3421
Cleaver,4937
Click,2100
Clid,821
Closer,1638
Clover7,5248
Clown,5126
Clozer,3195
Coated,2759
Coldraa,3043
Color,1946
Comeback,111
Comp,2063
Concept,4407
Conse,3605
Contractz,733
Copy,3538
CoreJJ,257
Corporal,1998
Corvus,5186
Cospect,2123
Courage,4774
Creme,3906
Creon,2098
Cripple,5260
Crisp,1169
CrjaY,5119
Croc,2746
Croco,2645
Croniik,4668
Crownie,1209
Crowno,2890
Crunchy,5146
Cryin,2675
Cryscata,4511
Cube,564
Cuzz,983
Cybonox,3251
Czajek,2422
Czekolad,1618
D4SH,4360
D4nKa,2428
DANKI,4991
DDahyuk,4941
DDoiV,4927
DNK,1558
DONGGY,3752
DUMBAO,5043
DVLK,4045
DaJeung,4465
DaMa,5144
Daglas,4348
DahVys,1617
Dajor,4107
Dal,4939
Damage,1658
Damkex,4641
Danteh,4587
Dany,1867
Dargod,4507
DarkWings,3801
Darlik,1199
Darshan,578
Dasher,1240
Daystar,4221
Deadly,1493
Dean,5064
Decade,4267
Decay,2426
Deceiving,5277
Decoy,1402
Deft,44
Dehaste,2845
Deimos,4091
Dekap,4192
Delight,3411
Deliverzz,5312
DenVoksne,3871
Densi,4096
Denyk,1660
Destiny,968
Destru,4673
Dhokla,1135
Dia1,2074
Diable,4943
Diagu,2802
Diamond,1975
Dice,3351
Dicey,3765
Did,5037
Difference,4685
Dimitry,3975
Dioge,3521
Diplex,2881
Disamis,3527
District 1,4710
Diva,3573
DizL,3483
Djoko,639
Djoksi,5158
DnDn,3441
Doggo,3737
Domi,5310
Domoles,3288
Don Arts,2263
Doran,1242
Doss,1477
DoubleAiM,905
Doublelift,149
Dove,1260
Doxa,4602
Doxy,899
Dragku,2515
Drakehero,4485
Draktharr,3130
Dream,4266
Dream Maker,5041
Dreampull,2442
Dreedy,2393
Dreilix,5100
Drifter1,3491
Driver,2960
DuDu,3082
DuaLL,1600
Duck,4914
DudsTheBoy,998
Duimelot,3401
Duoking1,1984
Duro,4259
Dusseldrop,5231
Dyablo,5040
EGO,3030
EL,4255
EMENES,2742
Eckas,1839
Ecstassy,3000
Eddie,3245
Effort,1265
Efias,2340
Eika,592
Eiko,4830
Ejsner,3980
EliWood,2016
Elio,3096
Elk,2376
Ellam,1642
Ellim,2919
Elramir,2231
Elyoya,2719
Emiel,5230
Emo,5154
Empyros,3449
EnHoa,4521
Endz,2122
Enel,3122
Enosh,4838
Enryy,3863
Enso,2216
Entrust,4494
Enty,1129
Envy,833
Envy Carry,2882
Envyy,3242
Ephekles,5111
Eradan,2792
Erdote,1815
Erixen,3495
Erol,4988
Erolle,5219
Escik,3587
Esko,3690
Ethelikith,5199
Eugeo,3065
Evaan,4004
Evi,969
Exakick,3194
Eyhro,4007
Eyla,1999
Eyliph,3193
F4rg,2694
FATE,2673
FBI,1138
FENZ1,3833
FGG,4051
FIESTA,3439
FROSTSTRIKE,1510
FUN k3y,2475
Fackstard,4948
Faded,4344
Fai,5309
Faisal,4606
FaithXD,5014
FakeGod,1976
Faker,48
Fallen,2335
Falleo,4693
Farfetch,1334
FatShield,3358
FatihCan,4317
Feather,5196
Febiven,373
Fede,4656
Feedarias,2140
Feisty,4234
Fendras,3075
Feng,5079
Ferret,2434
Fev3r,5298
Fikus,5024
Finn,1601
Finnry,5095
FireRain,1539
FisheR,5214
Fiya,5080
Flakked,2206
Flamer,4956
Flawed,3371
Flawless,574
Flay,5113
Fleshy,4411
FlickeR,4708
Flowing,4984
FoFo,677
Focus,2812
Forest,4309
Forge,2390
Fornoreason,5143
Frappii,3216
Freazy,5209
Fred,3879
Fresskowy,1948
Frim,4926
Frog,5203
Froggy,2897
Frost,4099
Frostsize,4680
Frozenn1,5101
Frygo,4936
Fudge,2359
Funja,5026
Furby,5265
Furuy,2182
Fuuu,4765
GALA,1931
GEPARD,3057
GIDEON,3327
GODZILLA,4910
Gaarfield,3001
Gabbo,2731
Gaboesh,3855
Gadget,1343
Gajo,5046
Galaxy,3093
Gamin,4235
Gamsu,256
Gastruks,3644
Gavotto,2876
GeeGee,3377
Gemini,915
Gerro,3602
Getback,1997
Getsu,5005
Ginrais,5284
Giyuu,2914
Gloryy,1104
GntlmanHero,2734
Godtone,5316
Goldenpenny,5142
Goliath,4754
Goo,4964
Gooby,4966
Goodo,3946
Goot,3516
Gori,1235
Gorilla1,5028
Gosberg,3821
Gotzy,2147
Grell,1682
Gremy,5145
Grevthar,2959
Griba,4482
Grindyzer,3824
Grizzly,5161
Gru,4974
Grzybek,3286
Guertas,3818
Guigo,3116
Guigs,3910
Gumayusi,3247
Gury,5156
Guti,4756
Guubi,2739
Guwon,4209
Gyosoo,5138
H4cker,1072
HH,4258
HONOR,2772
HRK,4141
HUGOD,4699
Habubu,4003
Hades1,4995
Hadess,2939
Haeri,1992
Haichao,3336
HamBak,4217
Hana,1321
Hanabi,1330
Hang,2670
Hans SamD,3047
Hans sama,732
Hantera,2049
Harbo,5050
Harder,4290
Harky,5166
Harp,3237
Harpoon,3289
Haru,683
Hasmed,2410
Hatred,2849
Hatrixx,851
Hauntzer,323
Hauz,2225
HawHaw,4402
Hazel,5256
HeSSZero,3477
Heimdall,4390
Hena,2644
Heng,3350
Henra,5047
Heroic,2783
Hery,4891
Hexflash,4747
HiRit,2245
Hid0,5245
Hidan,2786
Hieu3,2415
Highway,2424
Hika,5287
Hiro Hai,2831
Hiro02,2725
Hiro1,4111
Hoglet,1609
Holo,1610
Holyphoenix,197
HondaTolec,3971
Honey,2798
Hong2,4228
Hoon,1254
Hope,1561
Horus,3641
Howling,3444
Hoya,2918
HuSha,2524
Hugato,3911
Huhi,579
Humanoid,1716
Humble,4993
HungryPanda,2059
Hunt,4676
Hydra,3269
Hylissang,237
Hyorai,2058
Hyosha,5210
Hype,3694
Hyper,3876
IC8,4086
Ibaiyuste,4947
Icaruss,4912
Ice,3442
IceBreaker,2949
IgNar,463
IgnaVilu,4866
Iheb,5261
Ikigai,4526
IlllIma,3899
Impact,46
InDeed,3479
Indecision,3502
Infoneral,3861
Innaxe,1476
Ino,3558
Insane1,5282
Insanity,1633
Inspire,5055
Inspired,1501
Instinct,4182
Irrelevant,3493
Islaa,5159
Isma,3996
Ivok,3252
Ivory,3717
Iwandy,2920
J0J0C,3447
JNX,1817
JP6RU8,5315
JackeyLove,1267
Jackie,3848
Jackies,3266
Jackspektra,3466
Jacob1,4935
Jadko,5227
Jaeger,554
Jaguar,4391
Jalleba,5281
Jane,4551
Jankos,34
Jaqen,2436
Jaunutis1,2590
Javaaa,1488
Javier,3271
JayJ,1287
Jayke,1412
Jejky,2273
Jelly,568
Jelu,5019
Jenkins,1292
Jensen,583
JeongHoon,2657
JeppeHou,4313
Jerry,3202
Jervo,3785
Jeskla,1495
Jett,2346
Jeyrus,2872
Jezu,2678
JiT,5117
Jiahao,5197
Jiejie,2324
JimieN,2869
Jiwoo,4755
JoJo,2329
Joao,4368
Joekie,3858
Joexy,4738
Joey,954
JohnArnau,1741
JohnGiannis,3819
Joinze,4788
Jony,3598
Joo,1116
Jool,2653
Jopa,3574
Jormag,5223
Josedeodo,1364
Juggernaut,5063
Juhan,2658
Jujutw0,4011
Julbu,3950
Juliera,4075
Jun,3425
JunJia,2907
Jundat,5076
Juuzou,2350
Juzo,1067
KINGPIN,5220
KaSing,125
Kabbie,1908
Kackos,1819
Kadir,875
Kael,3323
Kaiser,2704
Kaiwing,1006
Kakan,1088
Kamiloo,4913
Kamyta,3085
Kanavi,2360
Kangin,4219
Kanin,2585
Kanna,2801
Kaori,2242
Karim kt,2055
Karis,3324
Karsa,404
Kati,2213
Katquese,5329
Kaymin,4333
Kaze,5009
Keduii,2255
Keel,3542
Kehvo,2312
Keine,2784
Kektz,1207
Kellin,1971
Kenal,4021
KennyChan,5318
Kenvi,3184
Kerberos,2246
Keres,2865
Keria,1258
Ketim,4931
Kevy,3776
Khantos,1874
Kiari,3121
Kiaya,1671
Kibah,3410
Kick,3913
Kiefer,3134
Kiin,1115
Kikis,234
Killerqueen,3568
Kim Down,4886
Kinatu,3555
Kino,1804
Kio,3721
Kireas,2229
Kisee,3751
Kisze,2857
Kitano,5251
Kituruken,2392
Kizuro,5051
Klaj,646
KlownZ,5018
Knight,1270
Knighter,3028
Koba,4622
Kobbe,598
Kofte,2014
Kojima,4762
Kokos,5052
Koldo,1862
Komandata,5021
Kongyue,1324
Koussay3,4627
Krastyel,997
Kratos,5169
KroMAX,2835
Kruppi,5326
Krysia,3054
Kryze,2577
Ksaez,3039
Kubon,771
Kudy,5279
Kulvas,3149
Kuri,2672
Kuroneel,4898
Kyeahoo,5264
Kynetic,3487
Kyoshi,2479
L0wzy,5323
L3X,5268
LJW,5313
LJX,5134
LP,4106
Labrov,2887
Lacunae,4805
Lagolinas,5147
Lamabear,731
Lancer,4957
Lari,4986
Larssen,1113
Lauva,2911
Lauxio,4355
Lava,1114
LeBron,2834
LeChase,1734
LeMy,5020
LeQu,2730
Leave,4305
Legolas,4672
Lehends,738
Lekcyc,1344
Lele,4917
Leleko,4759
Lelouch,2988
Lens,1719
Leo,355
Leo D Aras,2593
LeoLeCargo,4915
Leon,3343
Levi,974
Leyan,2532
Leza,1533
Liam Cole,5252
Lickmyheal,5069
Licorice,852
Lider,2052
Life,1906
Light,1303
Lightpulse,4962
Likai,3723
Lilipp,2460
Limit,1833
Lindgarde,3509
Lingwi,3205
Links,4169
Lived,2750
Lofti,5105
LokeN,575
Loki,4861
Lokmays,4576
Lonely,2894
Long,5135
Looca,3226
Look,4973
Loopy,4236
LorLor,5228
Lospa,4248
Lost,1123
Lot,4454
Lothen,4644
Lotus,4193
Lotuss,2843
Lounet,5172
Lpc,3982
Luana,2159
Lucid,3895
Lucker,1823
Lucky,3591
Luger,1792
Luiku,5218
Luka,4451
Lukezy,906
Lukshy,5164
Lulas,1760
Lumerion,3368
Lunddorf,2929
Lure,4562
Lurox,1474
LvMao,1020
Lvsyan,1589
Lwx,806
Lxwzy,5004
Lyg,4570
Lykki,5302
Lyncas,3482
Lyonz,5029
Lyrokun,5213
M0NK,1480
M1nd,5108
M4rth,5180
MDB,3110
MGX,1551
MIK0,4932
Madly,1910
Mafro,4675
Maged,5068
Mahonix,5008
MaiYuk,4978
Maikeu,5303
Makes,4474
Makk,5224
Makony,4930
Malrang,984
Manaty,2048
Manel,5137
Mangoo,5285
Maniac,5086
ManoloGap,4653
Manster,4955
Maple,286
Marble,4160
Marcel,4331
Marco,4043
Mark,1932
Markoon,2720
Marky,3273
Mart,2378
Marty,5225
Marzo,4791
Mask,3241
Massu,4885
Mataz,5031
Matias,4905
Matinger,5188
Matislaw,1952
Matixx,5195
Matterhorn,5311
Matthieu,5141
Maxi,1816
Maxlore,702
Maynter,3706
MeLoNiK,2402
Meaning,2662
Mechanics,4989
Meech,3799
Mega1,5198
Megumiin,3559
Meifan,4458
Meight,2594
Meleks,3171
Memento,722
Mersa,3231
Messclick,5215
Meteor,1933
MetroArcher,3084
Mettoe,4395
Meza,5091
Mia,1904
Midnight,4651
Mido,3515
Mihile,4921
Mikkel,3390
Mikyx,698
Milan,3557
Milica,1579
Milkshake,5185
Mimic1,5070
Mind,5183
Mindrago,2996
Ming,804
Minit,1905
Minji,2864
Minous,5121
Minui,4959
Mir,2357
Mirbs,2521
Mireu,3097
Mirrored,4393
Mis,3404
Misaki,4358
Misanthiel,4787
Mishal,5077
Mishigu,3507
Miss,4056
Missing,1647
Mission,919
MnM,2080
Mobility,4965
Modliszka,5129
Moham,4582
Mojito,1146
Mole,1549
Molto,3648
Momochi,4971
Monkey750,5011
Monstrob,5131
MooseHater,4882
Morgan,2545
Morttheus,4758
Mousty,3419
Moutarde,4010
Mrozku,4575
Murph,5065
Music,4397
MxDragon,2814
MyKey,2956
Myckio,5152
Myrtus,4908
Myrwn,4310
Mystiques,1494
Mytant,3108
N3znamy,4041
NOsFerus,2711
NPer,4197
Nach0,4018
Nafkelah,3457
Nakyung,5290
Nano,5102
Nap,1700
Nash,4563
Nash1c,2220
Nasser,2794
Natur3,4807
Navatar,4832
Nawaf,5278
Nazrat,4690
Nedara,3931
Neo,1981
Neon,1082
Neramin,3564
Nestea,916
Nesty,5269
Netuno,3530
Nia,4958
Nice,5291
Niceguyben,3204
Nightmares,2940
Nijhuis,5001
NikofleX,2522
Niles,3415
Nille,2961
Ning,1056
NinjaKiwi,4487
Ninten,4953
Nio,4929
Nisqy,873
Nite,2587
Niton,5232
NoBreak,5090
Noah,3320
Nobody,1365
Nolan,2680
Noltey,2297
Noma,2366
Nomanz,1152
Noodle,1487
Nothing,1093
Notiko,5048
Nsurr,5049
NuL1,5088
NuQ,3782
Nugu,5149
Nukeduck,281
Nukes,657
Numandiel,3372
Nxi,3413
Nyx,1742
OMON,3081
ON,3353
Obelisk,5039
Obsess,2051
Obstinatus,2703
OddOrange,858
Oddie,747
Odoamne,308
On3Sh0t,5109
OnFleek,1856
Onat,5271
Once,1375
Oner,3741
Only35,1721
Ophelia,3356
Orca,5083
Orion,1213
Orre,3228
Oscarinin,2526
Oscure,3695
Osman123,4497
Own3r,1754
PRIDE,1583
PTS,3825
Pabu,1404
Paclo,5120
Paduck,4215
Paixdia,4442
Pak,3490
Paladin,3590
Palafox,1282
Palens,2288
Palette,1196
Pan,4847
Pancake,2417
Pann,4367
Papace,5160
PapiTeero,3891
Papil,5206
Paradox,4401
Parang,696
Parus,4455
Patch,1247
PatkicaA,2842
Patrik,1304
Paul227,5003
Paz,750
Pbd,1812
Peach,3422
Peanut,392
PederseNN,3499
Peng,3076
Penguin,2800
Pepero,5081
Peppe,3460
PerfecT,5122
Perkz,555
Perry,4605
Pesho,4621
Peter,4260
Peto,5240
Petoska,4314
Peyz,4247
Phantomles,2103
Phenix,3678
Philip,4098
Phlaty,1342
Photic,2622
Photon,3743
Phoxie,4196
Phuc1,3567
PiOk,2469
Picknn,4972
Piero,4216
Pigeonx,3834
Piggy,4682
PikaSensei,5253
Piloto,3126
Pimen,5162
Pinki,5093
Pinz,5059
Pipibaat,4979
Piwek,3366
PlanB,4944
Pleata,2650
Ploxy,2737
Plux,4615
Poby,4561
Pollu,4865
PolskiKoz,4643
Poltron,3795
Poome,3059
Poopy,5244
Porcupine,5060
Poss,1233
Postkassen,3881
Pout,4251
Ppgod,2604
Practice,2232
Praedyth,1395
Praevius,2321
Prage,5314
Predicted,5322
Pretender,4513
Pretty,729
Pridestalkr,909
Prime,156
Primo,1068
Prince,2669
Prismal,1980
ProDelta,3210
Promise0,5237
PsYcraw,4334
Puddin,4618
Pui,5250
Pullbae,4224
Pun,2799
Pyosik,2664
Pyrka,1949
Pyshiro,5305
QKI,5127
QTKT,4687
QUICKTIMER,3229
Qats,3513
Qiang,5167
Qing,4920
Qingtian,3341
Qitong,4409
Qiuqiu,1053
Qoo,5094
Qu4rtzo,4361
Quad,2648
Quid,4246
Quintero22,5216
Qwacker,3804
R4VEN,1935
RAV3N,3529
RYue,5082
Rabble,2885
Raedz,3275
Raes,743
Raffi,5078
Rafitta,2529
Ragnarr,5308
Ragner,1640
Rahab,5262
Rahel,3896
Raider,4657
Raina,2091
Raining,3259
Ralf,4186
Rames,3921
Random,1846
Ranger,837
RapMonsters,2146
Raptor,4233
Rascal,1061
Rassiel,4629
Rave,5328
Raxxo,892
Ray,508
RayFarky,2387
Rayito,2131
Rayming,4945
Rayzorac,5324
Razork,1491
Reaper,4970
Reble,3325
Recap,1698
RedBert,1011
Reeker,2884
Reiska,5036
Rekkles,15
Relative,5116
Relhia,4210
Remix,4495
Renewal,5173
Reptile,4328
Rest,1172
Revenge,2431
Reyzoasda,4996
Rezso,4108
Rhilech,4439
Rhuckz,1070
Ribu,4646
Rich,1613
Richard I,4590
Ricky,4162
Rift,3988
Rifty,1824
Riku,5112
Rin,5073
River,2631
Roamer,3436
Robba,3389
RobbyBob,4884
Robertoos,4645
Robo,845
Roi DEMON,4772
Roison,1470
Romuka,3713
RonOP,1433
Ronaldo,2586
RooKie,109
Rooster,4547
RoseThorn,3534
Rosey5,1411
Roshan,4696
RotteBengi,5107
Roulette,2012
Route,1644
Rovex,4185
Rozara,2398
Rubi0o,2722
Ruby,2271
Ruep,4429
Ruf,3763
Rufus,1616
Ruler,685
Rulfchen,2341
Rune,5097
Rust,5017
RustySniper,5243
Ry0ma,1137
Ryanzin,4969
Rychly,3484
Rylle,5023
RyujinKt,5300
Ryuto,5239
Ryuzaki,1820
S0bek,4899
S0ul,4610
S1d,2105
SENPAIII,5124
SMILEY,1602
SSADY,5032
ST3PZ,2903
Sacre,1577
Sadaz,4398
Sahira,3506
Saint,5123
Saintsu,3577
Sajator,3258
Saken,1204
Samkz,4062
San1,5067
Sangchu,4523
Sangrod,4722
Sanity,3458
Sant,5273
Santa,5286
Santorin,227
Satorius,800
Saulius,3951
Savero,3249
Saviour,1179
Sawyor,1844
Sayna,5092
Scarface,1473
Scarlet,1081
ScaryJerry,5272
Scaryride,3926
Scorth,4456
Scout,610
Scripter,4857
Scuba,5168
Scuffed,5130
Scuro,2878
SeTab,4214
Seal,3383
Seaz,3480
Sebal,5128
Sebekx,870
Sebi,5118
Seelame,2683
Seifzone,5299
Seize,2195
Sekkou,5288
Senceless,5115
Sencux,597
Seneca,5246
Sengio,4631
Sephis,2238
Septico1,3002
Seranok,4961
Serendip,4378
Serin,2764
Sertuss,1620
SevenArmy,1159
Sh4dowUS,4318
Shad0w,2588
Shadow,1353
Shakespeare,4144
Shanks,3344
Shaolin,4985
Shark,2656
ShawiKatami,3160
Sheiden,4715
Shelfmade,5194
Sheo,3248
Shera,3734
Shernfire,965
ShiauC,1420
Shieda,5212
Shiganari,1349
Shihan,5249
Shikari,1568
Shinki,3750
Shlatan,1829
Shmebu,2047
Shogun,4198
Shoiti,5275
Shone,3652
ShowMaker,1250
Shoyo,5038
Shu Hari,2823
Shunn,4584
Shy Carry,4353
Shyelander,4790
SiddyWiddy,4888
Siler,1563
Silk,3501
Simbz,5259
Simpli,3874
Simpy,2118
Sinistro,2156
Sinmivak,1954
Sintax,3090
Sirinox,2472
Siuman,2803
Sivvy,5061
Six10,4711
Sjakal,4392
SkB,3523
SkaR,2106
Skaterot,5267
Skeanz,1208
Skeeto,3416
Sketch,4172
SkewMond,4946
Skewed,4890
Skude,2962
SkyTec,4406
SkyeSunday,4677
Sl4shD,2686
Slay,976
Slayder,1438
Sleyer,4909
Slipper,3476
Sloth,4453
SlowQ,3873
Slowz,5150
Slyv3r,3391
Smarty,3681
Smash,4940
Smerv,3735
Smoothie,501
Smurfe,4670
Sn1lle,5022
Snabi,4987
Snaker,3914
SneakyLemon,3462
Sniper,4616
Snow Lion,5189
Soboro,4232
Sofista,5294
Solid,1519
Soligo,1978
Solokill,5084
Sora2,4202
Sorn,1428
Sorya,4911
Sotsy,4901
Soul,3106
Souli,2384
Sounda,4922
Southwind,1967
Soweto,4483
Space,5234
Sparda,3736
Spark,5266
Sparz,2908
Spawn,3536
Special,1570
SpeedoBear,4189
Speedy,2163
Spica,1785
Spirax,4405
Sponge,4753
Spooder,4982
Spooky,2262
Spot,1442
Srtty,3814
Ssaiko,5306
Ssol,602
StarScreen,2011
Starlit,4766
Steal,878
Steeelback,374
Stefan,1578
StenBosse,2251
Stend,4008
StineR,4764
Sting,2767
Stixxay,580
Stomaged,665
Stoneses,5140
Stookbeer,3392
Stormax,3991
Straight,1677
Striker,5106
Strive,4285
Strode,4040
Sty1e,3095
Styled,2751
Subbex,4354
Summit,1264
Sunmer,5148
Supa,2717
SuperCleber,4480
Sven,3481
Svenskeren,27
Sword,3539
SwordArt,288
SyLees,5238
Sylvie,3440
Synapse,5035
Syrpy,4372
Syzyfek,5193
Szygenda,2130
TLamp,5114
TOWN,4879
TQ,5171
TR1NKET,5283
TaNa,2194
Taba,5296
Taco,4225
Tactical,1979
Taegyeong,5289
Taeyoon,3424
TakeSet,3995
Takeover,3956
Taki,3550
TamoZ,3504
Tangyuan,4919
Tapinq,5211
Targamas,1218
Tarzan,1226
Tasteless,1481
Tatu,4776
Taxer,1597
Tay,866
Tazaku,3077
Tchokez,4688
Techoteco,3868
Teddy,799
Teiyon,5042
Telas,3915
Tempt,651
Tenacity,3543
Th3Antonio,1500
Thanatos,3434
Thayger,4793
TheBash,4997
TheCheeng,2101
TheRealMJ,5229
TheShy,1075
Theoloris,5125
Thesnake,2082
Thien,2236
Thomas,3978
Thominhas,5139
TiaguuZ,5254
Tian,1269
Tianzhen,5178
Tide,5085
Time,522
Tinelli,3904
Tinowns,201
Titan,946
Tixn,3146
Toaster,723
Tochas,3887
Tockimo,5191
Toffe,4992
Tomasino,5200
Tomio,3813
Tomo,3060
Tomrio,4617
Tonerre,1566
TopLop,2039
Torak,4951
Tore,879
Touch,198
Toucouille,2684
Tracyn,4326
Treatz,1496
Trevis,4704
Trevor,3800
Trick,247
Trigger,2575
Trigo,3418
Trix,1309
Tron,4457
Trymbi,2046
Tsiperakos,3463
Tsubasa,5044
Tsuuki,5325
Turtle,832
Tutsz,2709
Twelve,4385
Twiizt,2942
TynX,1565
Typhoon,3046
Typical,3839
Tyrin,2877
UNF0RGIVEN,2729
Ucal,1504
Uciu,4343
Ukko2000,5241
UmTi,798
Undefined,5000
Unforgiven,1650
UniqueCORN,5099
Universe,1861
Unkn0wn5,4994
Unversed,5217
Upset,797
Urgaleex,4949
Uzi,171
V1PER,1281
Vahvel,2354
Valans,4661
Valkyrie,3432
Varry,5104
Vaunted,3488
Vaynedeta,3453
Veignorem,3989
Velja,2838
Velocity,4560
Venour,4327
Ventair,1857
Venzer,1599
Vertigo,4664
Vespa,4623
Vetheo,2685
Veyytix,5187
Viciun,5030
Vicla,3326
Vigil,2161
Viketox,2713
Viking,1313
Vinboiz,4556
Vincenzo,4942
Violet,1672
Viper,1228
Visdom,1112
Vit,1663
Vital,2761
Vizi,3659
Vizicsacsi,233
Vladi,4188
Voice,4460
Vortum,3597
Vsta,2795
Vulca,5304
Vulcan,1301
Vzz,2277
W1ND,5226
WCD,5190
WSL,4806
WachonBB,3816
WaenA,1717
Wako,929
Wan,5174
Wao,4981
Warangelus,1352
Warner,4416
Warszi,2311
Washidai,4524
Water,3826
Way,4572
Wayward,4303
Wei,388
WeiWei,2124
Weizhe,4514
Weizor,1843
Welcom,3253
Wen,4103
Wenbo,4070
Wendel,1345
Westlander,4386
Whip,5221
Whistle,4256
White,4387
Whiteknight,936
Whynot,3778
WildTurtle,139
Wildenbruch,5181
Will,3983
Willer,3898
Wind,758
Wink,2029
Winner,4245
Winsome,4504
Winter 7,1333
Wixo,3870
Wixxi,4177
Wizer,2241
Woden,4902
Wojtus,3470
Woldjo,5242
Wondro,2272
Woodon,5276
Woody,2862
Woolite,9
Worst,1744
Wos,835
Wufo,5072
Wunder,596
Wylenz,3997
XERSUS,4539
XLB,2618
XUN,3330
Xagog,5110
Xeltop,5006
Xerxe,809
Xiaohao,4067
Xiaolaohu,3297
Xiaotu,4085
Xiaoxu,4918
Xico,1335
Xicor,4546
XinLiu,2343
XnS,4723
XoNix,2445
Xoura,4330
XuHao,1434
YSKM,4810
Yado,2066
Yagao,1278
Yakkey,4068
Yampi,947
Yanjee,4363
Yashiro,2270
Yen1,5175
Yeon,3537
Yeti1,5192
Yike,3406
Yoichi,5075
Yoshino,2226
Youca1,5207
Young,4181
YoungJae,3198
YuJian,4665
Yuhi,2127
Yuki,1382
Yukino,4873
Yupps,3212
Yuri,2923
Yursan,3099
Yusin,3234
Yusui,1632
Yutapon,535
Yute,5247
Yuuji,4404
ZOEN,5263
ZaFiR,3835
ZaZee,1575
Zamudo,4595
Zamulek,2404
Zanzarah,791
Zapdo,5098
Zaremba,1958
Zdz,2217
Zeitnot,534
Zeka,2906
Zen,3886
Zergsting,1156
Zerito,2805
Zest,4244
Zeus,3658
Zeyzal,854
Zhergoth,935
Zhii,3817
Zhuo,3352
Zicssi,3999
Zika,4473
Zimba,4648
Zin,1444
Zodiac,2413
Zoelys,4001
Zoiren,884
Zora,4640
Zorac,3363
Zorah,4286
Zothve,3639
Zty,1840
Zubac,4028
Zven,481
Zwyroo,1800
Zyko,4173
Zzk,4249
accez,3213
adi1,4650
anato,4848
behave,1963
beishang,2024
bicas,3745
bkr,5157
blank,411
bluerzor,1216
bmj,4529
bobista,3901
chef,4444
choego,1957
cody,2807
cyraXx,3708
czypsy,3051
dan,459
de sidere,3165
defflok,3627
dejan1,4773
deokdam,2508
destroy,2667
donbray,4875
doom,5274
dresscode,4525
dyNquedo,838
eXyu,4175
eaRyz,4906
eastgoblin,4980
eguto,5133
enel1,4476
fNb,1915
fabFabulous,194
fearness,2621
fighto,1398
fjoompbun,796
foreigner,4464
frostyy,5270
goldento4st,3581
goose,5179
gtrik,3279
hachamecha,1701
hainess,5054
haoye,4916
hetel,4161
huanfeng,2904
iBOY,1181
iBo,868
iLevi,3582
invincible,3636
itSir,5132
jactroll,1087
jakubs,5151
jbdutchowns,4394
jinjiao,509
jinjo,1399
jojopyun,3544
jokaa,4950
k1ng,967
kPr,4538
kamilius,1849
kaylem,2978
kentakki,5297
kiloxx,5293
kingen,1229
kingggggg,3853
kksh,4110
klowny,2355
lee sang,4319
leemas,4468
lolxot,5163
lori,5103
lunacia,4963
many,3052
marlon,3903
meiko,386
mfis,4967
micaO,438
midali,5033
mihai,2981
minemaciek,3902
miya,4874
motjaaa,5327
mumek,4647
neny,3331
neyzz,4818
nicolayi,4897
noname,4671
nova1,5074
nuc,3486
numb,4728
odi11,3050
ordno,2459
playcool,4826
pocok,3626
pr1me,3163
reedfoo,3779
rnz,4700
robocop,1842
rocks908,5056
s1aytrue,4083
sHAKa,5087
scamber,3528
scary,3764
shanji,3312
sheru,3053
shochi,4611
solo,634
ssumday,107
stanik,3631
stillnumb,2766
sumi,3381
svns,2423
taetsu,5258
tako,4515
tibor,3222
tol2,4150
tooshi,4399
trilan,4934
tsuneo,5096
twohoyrz,2850
ubao,1325
uden,4642
unexpected,4983
uroskg,5025
v1SaG3,4357
whiteinn,2836
wicked,5280
winnie,3062
xCharm,1961
xDrop,2774
xKenzuke,2352
xeonerr,3290
xiaohu,347
xiaohuangren,5292
xiaoyueji,4279
xmatty,1591
xqw,5057
yaoyao,4017
yazi,4975
yjy,2557
yuyanjia,2624
zay,4479
zekja,2991
zhiqiuyi,5176
zorenous,4462
